Barcode name,ID plasmid sequence
806rcbc0,TCCCTTGTCTCC
806rcbc1,ACGAGACTGATT
806rcbc2,GCTGTACGGATT
806rcbc3,ATCACCAGGTGT
806rcbc4,TGGTCAACGATA
806rcbc5,ATCGCACAGTAA
806rcbc6,GTCGTGTAGCCT
806rcbc7,AGCGGAGGTTAG
806rcbc8,ATCCTTTGGTTC
806rcbc9,TACAGCGCATAC
806rcbc10,ACCGGTATGTAC
806rcbc11,AATTGTGTCGGA
806rcbc12,TGCATACACTGG
806rcbc13,AGTCGAACGAGG
806rcbc14,ACCAGTGACTCA
806rcbc15,GAATACCAAGTC
806rcbc16,GTAGATCGTGTA
806rcbc17,TAACGTGTGTGC
806rcbc18,CATTATGGCGTG
806rcbc19,CCAATACGCCTG
806rcbc20,GATCTGCGATCC
806rcbc21,CAGCTCATCAGC
806rcbc22,CAAACAACAGCT
806rcbc23,GCAACACCATCC
806rcbc24,GCGATATATCGC
806rcbc25,CGAGCAATCCTA
806rcbc26,AGTCGTGCACAT
806rcbc27,GTATCTGCGCGT
806rcbc28,CGAGGGAAAGTC
806rcbc29,CAAATTCGGGAT
806rcbc30,AGATTGACCAAC
806rcbc31,AGTTACGAGCTA
806rcbc32,GCATATGCACTG
806rcbc33,CAACTCCCGTGA
806rcbc34,TTGCGTTAGCAG
806rcbc35,TACGAGCCCTAA
806rcbc36,CACTACGCTAGA
806rcbc37,TGCAGTCCTCGA
806rcbc38,ACCATAGCTCCG
806rcbc39,TCGACATCTCTT
806rcbc40,GAACACTTTGGA
806rcbc41,GAGCCATCTGTA
806rcbc42,TTGGGTACACGT
806rcbc43,AAGGCGCTCCTT
806rcbc44,TAATACGGATCG
806rcbc45,TCGGAATTAGAC
806rcbc46,TGTGAATTCGGA
806rcbc47,CATTCGTGGCGT
806rcbc48,TACTACGTGGCC
806rcbc49,GGCCAGTTCCTA
806rcbc50,GATGTTCGCTAG
806rcbc51,CTATCTCCTGTC
806rcbc52,ACTCACAGGAAT
806rcbc53,ATGATGAGCCTC
806rcbc54,GTCGACAGAGGA
806rcbc55,TGTCGCAAATAG
806rcbc56,CATCCCTCTACT
806rcbc57,TATACCGCTGCG
806rcbc58,AGTTGAGGCATT
806rcbc59,ACAATAGACACC
806rcbc60,CGGTCAATTGAC
806rcbc61,GTGGAGTCTCAT
806rcbc62,GCTCGAAGATTC
806rcbc63,AGGCTTACGTGT
806rcbc64,TCTCTACCACTC
806rcbc65,ACTTCCAACTTC
806rcbc66,CTCACCTAGGAA
806rcbc67,GTGTTGTCGTGC
806rcbc68,CCACAGATCGAT
806rcbc69,TATCGACACAAG
806rcbc70,GATTCCGGCTCA
806rcbc71,CGTAATTGCCGC
806rcbc72,GGTGACTAGTTC
806rcbc73,ATGGGTTCCGTC
806rcbc74,TAGGCATGCTTG
806rcbc75,AACTAGTTCAGG
806rcbc76,ATTCTGCCGAAG
806rcbc77,AGCATGTCCCGT
806rcbc78,GTACGATATGAC
806rcbc79,GTGGTGGTTTCC
806rcbc80,TAGTATGCGCAA
806rcbc81,TGCGCTGAATGT
806rcbc82,ATGGCTGTCAGT
806rcbc83,GTTCTCTTCTCG
806rcbc84,CGTAAGATGCCT
806rcbc85,GCGTTCTAGCTG
806rcbc86,GTTGTTCTGGGA
806rcbc87,GGACTTCCAGCT
806rcbc88,CTCACAACCGTG
806rcbc89,CTGCTATTCCTC
806rcbc90,ATGTCACCGCTG
806rcbc91,TGTAACGCCGAT
806rcbc92,AGCAGAACATCT
806rcbc93,TGGAGTAGGTGG
806rcbc94,TTGGCTCTATTC
806rcbc95,GATCCCACGTAC